﻿{
  "bindings": [
    {
      "authLevel": "anonymous",
      "type": "httpTrigger",
      "direction": "in",
      "methods": [
        "post"
      ],
      "name": "Request",
      "route": "negotiate"
    },
    {
      "type": "http",
      "direction": "out",
      "name": "Response"
    },
    {
      "type": "signalRConnectionInfo",
      "name": "ConnectionInfo",
      "hubName": "chat",
      "connectionStringSetting": "AzureSignalRConnectionString",
      "direction": "in"
    }
  ],
  "disabled": false
}