{
  "bindings": [
    {
      "authLevel": "anonymous",
      "type": "httpTrigger",
      "direction": "in",
      "name": "Request",
      "methods": [
        "get"
      ]
    },
    {
      "type": "http",
      "direction": "out",
      "name": "Response"
    },
    {
      "type": "cosmosDB",
      "name": "mealdbin",
      "direction": "in",
      "connectionStringSetting": "4bes_DOCUMENTDB",
      "leaseCollectionName": "leases",
      "databaseName": "Day13",
      "collectionName": "Day3"
    }
  ]
}