{
  "bindings": [
    {
      "authLevel": "anonymous",
      "type": "httpTrigger",
      "direction": "in",
      "name": "Request",
      "methods": [
        "get",
        "post"
      ]
    },
    {
      "type": "http",
      "direction": "out",
      "name": "Response"
    },
    {
      "type": "cosmosDB",
      "name": "Documents",
      "direction": "out",
      "leaseCollectionName": "leases",
      "connectionStringSetting": "db_string",
      "databaseName": "Day13",
      "collectionName": "Day11"
    }
  ]
}