{
  "$schema": "https://schema.management.azure.com/schemas/2019-04-01/deploymentParameters.json#",
  "contentVersion": "1.0.0.0",
  "parameters": {
    "storagePrefix": {
      "value": "devstore"
    },
    "storageSKU": {
      "value": "Standard_LRS"
    },
    "appServicePlanName": {
      "value": "devplan"
    },
    "webAppName": {
      "value": "devapp"
    },
    "resourceTags": {
      "value": {
        "Environment": "Dev",
        "Project": "Tutorial"
      }
    }
  }
}