{
    "$schema": "https://schema.management.azure.com/schemas/2019-04-01/deploymentTemplate.json#",
    "contentVersion": "1.0.0.0",
    "parameters": {
        "functionAppName": {
            "type": "string",
            "defaultValue": "[uniqueString(resourceGroup().id)]",
            "metadata": {
                "description": "Specify the name of the function application"
            }
        },
        "location": {
            "type": "string",
            "defaultValue": "[resourceGroup().location]",
            "metadata": {
                "description": "Specify the location for the function application resources"
            }
        }
    },
    "variables": {
        "hostingPlanName": "[parameters('functionAppName')]",
        "storageacccount": "[toLower(parameters('functionAppName'))]",
        "storageAccountName": "[concat('storage', variables('storageacccount'))]"
    },
    "resources": [
        {
            "apiVersion": "2017-06-01",
            "type": "Microsoft.Storage/storageAccounts",
            "name": "[variables('storageAccountName')]",
            "location": "[parameters('location')]",
            "kind": "Storage",
            "sku": {
                "name": "Standard_LRS"
            }
        },
        {
            "type": "Microsoft.Web/serverfarms",
            "apiVersion": "2018-11-01",
            "name": "[variables('hostingPlanName')]",
            "location": "[parameters('location')]",
            "sku": {
                "name": "Y1",
                "tier": "Dynamic",
                "size": "Y1",
                "family": "Y",
                "capacity": 0
            },
            "properties": {
                "name": "[variables('hostingPlanName')]"
            }
        },
        {
            "name": "[parameters('functionAppName')]",
            "type": "Microsoft.Web/sites",
            "apiVersion": "2018-02-01",
            "location": "[parameters('location')]",
            "kind": "functionapp",
            "dependsOn": [
                "[resourceId('Microsoft.Web/serverfarms/', variables('hostingPlanName'))]",
                "[resourceId('Microsoft.Storage/storageAccounts', variables('storageAccountName'))]",
                "[resourceId('microsoft.insights/components/', parameters('functionAppName'))]"
            ],
            "identity": {
                "type": "SystemAssigned"
            },
            "properties": {
                "siteConfig": {
                    "appSettings": [
                        {
                            "name": "FUNCTIONS_WORKER_RUNTIME",
                            "value": "powershell"
                        },
                        {
                            "name": "AzureWebJobsStorage",
                            "value": "[concat('DefaultEndpointsProtocol=https;AccountName=', variables('storageAccountName'), ';AccountKey=', listKeys(resourceId('Microsoft.Storage/storageAccounts', variables('storageAccountName')), '2017-06-01').keys[0].value)]"
                        },
                        {
                            "name": "FUNCTIONS_EXTENSION_VERSION",
                            "value": "~2"
                        },
                        {
                            "name": "APPINSIGHTS_INSTRUMENTATIONKEY",
                            "value": "[reference(resourceId('microsoft.insights/components/', parameters('functionAppName')), '2018-05-01-preview').InstrumentationKey]"
                        },
                        {
                            "name": "WEBSITE_CONTENTAZUREFILECONNECTIONSTRING",
                            "value": "[concat('DefaultEndpointsProtocol=https;AccountName=', variables('storageAccountName'), ';AccountKey=', listKeys(resourceId('Microsoft.Storage/storageAccounts', variables('storageAccountName')),'2017-06-01').keys[0].value)]"
                        },
                        {
                            "name": "WEBSITE_CONTENTSHARE",
                            "value": "[toLower(parameters('functionAppName'))]"
                        }
                    ]
                },
                "name": "[parameters('functionAppName')]",
                "clientAffinityEnabled": false,
                "serverFarmId": "[resourceId('Microsoft.Web/serverfarms/', variables('hostingPlanName'))]"
            }
        },
        {
            "apiVersion": "2015-05-01",
            "name": "[parameters('functionAppName')]",
            "type": "Microsoft.Insights/components",
            "kind": "Web",
            "location": "[parameters('location')]",
            "tags": {
                "[concat('hidden-link:', resourceId('Microsoft.Web/sites/', parameters('functionAppName')))]": "Resource"
            },
            "properties": {
                "ApplicationId": "[parameters('functionAppName')]",
                "Application_Type": "web"
            }
        }
    ],
    "outputs": {
        "principalId": {
            "type": "string",
            "value": "[reference(concat(resourceId('Microsoft.Web/sites/', parameters('functionAppName')), '/providers/Microsoft.ManagedIdentity/Identities/default'), '2015-08-31-PREVIEW').principalId]"
        }
    }
}