{
  "bindings": [
    {
      "authLevel": "Function",
      "type": "httpTrigger",
      "direction": "in",
      "name": "Request",
      "methods": [
        "get"
      ]
    },
    {
      "type": "http",
      "direction": "out",
      "name": "Response"
    },
    {
      "type": "cosmosDB",
      "name": "Children",
      "direction": "in",
      "leaseCollectionName": "leases",
      "connectionStringSetting": "db_string",
      "databaseName": "Day13",
      "collectionName": "Day11"
    }
  ]
}