{
  "bindings": [
    {
      "authLevel": "anonymous",
      "type": "httpTrigger",
      "direction": "in",
      "name": "Request",
      "methods": [
        "get",
        "post"
      ]
    },
    {
      "type": "http",
      "direction": "out",
      "name": "Response"
    },
    {
      "type": "cosmosDB",
      "name": "dbout",
      "direction": "out",
      "leaseCollectionName": "leases",
      "connectionStringSetting": "4bes_DOCUMENTDB",
      "databaseName": "Day13",
      "collectionName": "Day20"
      
    }
  ]
}